MovieName,Number
신과함께-인과 연,167697
어벤져스: 인피니티 워,136315
보헤미안 랩소디,156464
미션 임파서블: 폴아웃,154222
신과함께-죄와 벌,85579
쥬라기 월드: 폴른 킹덤,154285
앤트맨과 와스프,144330
안시성,163533
블랙 팬서,137326
완벽한 타인,167638
1987,158191
독전,158178
공작,153687
베놈,119428
암수살인,167105
데드풀 2,149236
국가부도의 날,164192
코코,151728
아쿠아맨,151153
그것만이 내 세상,158180
마녀,175322
탐정: 리턴즈,159892
인크레더블 2,136990
서치,172425
너의 결혼식,140652
곤지암,172454
지금 만나러 갑니다,168298
목격자,169015
조선명탐정: 흡혈괴마의 비밀,165748
신비한 동물들과 그린델왈드의 범죄,154255
메이즈 러너: 데스 큐어,149248
맘마미아!2,164115
레디 플레이어 원,136898
명당,162981
협상,164106
마약왕,157297
쥬만지: 새로운 세계,152656
창궐,160487
성난황소,174835
도어락,171755
리틀 포레스트,154449
골든슬럼버,158112
램페이지,162249
궁합,141206
오션스8,153675
사라진 밤,165026
스윙키즈,164101
바람 바람 바람,142739
PMC: 더 벙커,166092
범블비,164139
챔피언,169347
퍼시픽 림: 업라이징,125494
몬스터 호텔 3,169643
더 넌,168049
스카이스크래퍼,160375
염력,153651
월요일이 사라졌다,118955
인랑,109906
극장판 헬로카봇 : 백악기 시대,175727
레슬러,159877
상류사회,172010
물괴,132996
미쓰백,155356
신비아파트: 금빛 도깨비와 비밀의 동굴,174805
퍼스트맨,168058
스파이더맨: 뉴 유니버스,171725
위대한 쇼맨,106360
인시디어스4: 라스트 키,158647
"그날, 바다",173653
툼레이더,158601
페르디난드,160491
버닝,155263
7년의 밤,85578
메가로돈,152661
콰이어트 플레이스,168011
호두까기 인형과 4개의 왕국,158622
셰이프 오브 워터: 사랑의 모양,158626
곰돌이 푸 다시 만나 행복해,168023
변산,164151
그린치,150688
스타 이즈 본,168050
동네사람들,166610
원더풀 고스트,152156
강철비,155665
흥부: 글로 세상을 바꾼 자,159805
명탐정 코난 : 제로의 집행인,173019
피터 래빗,154226
점박이 한반도의 공룡2 : 새로운 낙원,180379
패딩턴 2,146489
허스토리,167787
미드나잇 선,143416
덕구,154667
번 더 스테이지: 더 무비,176354
트루스 오어 데어,164183
커뮤터,152249
후드,144266
극장판 짱구는 못말려: 아뵤! 쿵후 보이즈 ~라면 대란~,172975
해리포터와 마법사의 돌,30688
모털 엔진,156496
바울,173692
나를 차버린 스파이,167602
명탐정 코난:감벽의 관,66725
아이 필 프리티,168017
시카리오: 데이 오브 솔다도,152680
치즈인더트랩,153620
12 솔져스,168037
1급기밀,149504
50가지 그림자: 해방,154598
속닥속닥,172003
벽 속에 숨은 마법시계,164155
허리케인 하이스트,158631
한 솔로: 스타워즈 스토리,144693
콜 미 바이 유어 네임,158885
나미야 잡화점의 기적,159862
업그레이드,174626
런닝맨 : 풀룰루의 역습,180384
극장판 포켓몬스터DP - 디아루가 VS 펄기아 VS 다크라이,68291
극장판 도라에몽: 진구의 보물섬,172118
원더,151196
유전,172420
더 프레데터,127335
어느 가족,172174
극장판 포켓몬스터 모두의 이야기,172187
극장판 요괴워치 섀도사이드: 도깨비왕의 부활,170496
크레이지 리치 아시안,168047
다운사이징,142272
나를 기억해,158555
더 포스트,159848
빅샤크: 매직체인지,175365
독전: 익스텐디드 컷,158178
얼리맨,154251
부탁 하나만 들어줘,171452
"안녕, 나의 소녀",171822
당갈,157243
할로윈,170879
레드 스패로,151744
레이디 버드,158611
게이트,172005
미니특공대X,171440
여중생A,168405
쓰리 빌보드,158610
마야2,172009
커다랗고 커다랗고 커다란 배,173466
플로리다 프로젝트,164719
극장판 포켓몬스터 너로 정했다!,165722
베일리 어게인,144906
루이스,178214
셜록 놈즈,158620
신은 죽지 않았다 3: 어둠 속의 빛,172344
출국,179139
호텔 아르테미스,168030
올 더 머니,163842
마일22,171499
여곡성,171750
레오나르도 다 빈치,173004
번개맨과 신비의 섬,165561
킬링 디어,152694
타이타닉,18847
소공녀,171752
어드리프트:우리가 함께한 바다,172768
엘리엇과 산타 썰매단,169642
매직빈,171401
헌터 킬러,92125
몬스터 패밀리,163844
머니백,151241
뽀로로 극장판 공룡섬 대모험,169349
말모이,167699
"부르고뉴, 와인에서 찾은 인생",164684
그래비티,47370
너의 췌장을 먹고 싶어,175318
번개맨의 비밀,179683
젝스키스 에이틴,172006
택시운전사,146469
공조,142384
스파이더맨: 홈 커밍,135874
범죄도시,161242
군함도,146506
청년경찰,153652
더 킹,172748
미녀와 야수,136872
킹스맨: 골든 서클,149747
토르: 라그나로크,134898
꾼,152385
남한산성,150637
미이라,181047
분노의 질주: 더 익스트림,140731
너의 이름은.,150198
슈퍼배드 3,132626
아이 캔 스피크,161850
캐리비안의 해적: 죽은 자는 말이 없다,82473
프리즌,146517
덩케르크,146480
가디언즈 오브 갤럭시 VOL. 2,127398
살인자의 기억법,137890
트랜스포머: 최후의 기사,123630
보안관,176225
조작된 도시,127382
보스 베이비,129094
재심,149512
박열,155716
모아나,130849
마스터,145162
로건,117787
원더 우먼,125473
겟 아웃,156083
혹성탈출: 종의 전쟁,143394
애나벨 : 인형의 주인,152341
노무현입니다,162173
저스티스 리그,116866
킬러의 보디가드,152625
콩: 스컬 아일랜드,127397
23 아이덴티티,144927
임금님의 사건수첩,144280
부라더,160749
기억의 밤,160399
해피 데스데이,181411
브이아이피,152170
특별시민,146485
에이리언: 커버넌트,99715
장산범,137696
악녀,155256
해빙,137875
라라랜드,134963
하루,178260
지오스톰,129095
스타워즈: 라스트 제다이,125488
불한당: 나쁜 놈들의 세상,154112
그것,186231
오리엔트 특급 살인,154272
대립군,149221
베이비 드라이버,143402
레지던트 이블: 파멸의 날,110333
공각기동대 : 고스트 인 더 쉘,134838
트롤,101904
패신저스,116233
씽,144938
아빠는 딸,143473
컨택트,176670
47 미터,152616
메리와 마녀의 꽃,159037
얼라이드,149777
발레리안: 천 개 행성의 도시,137970
그레이트 월,126034
침묵,153642
카3: 새로운 도전,152396
트리플 엑스 리턴즈,102278
리얼,159934
라이프,152633
명탐정 코난:진홍의 연가,159054
히든 피겨스,147092
반드시 잡는다,155411
원라인,142699
터닝메카드W: 블랙미러의 부활,155484
스머프: 비밀의 숲,118966
로그 원: 스타워즈 스토리,136868
킹 아서: 제왕의 검,127374
넛잡 2,121052
아메리칸 메이드,137945
러빙 빈센트,144379
보통사람,152331
대장 김창수,154353
눈의 여왕 3: 눈과 불의 마법대결,156675
어쌔신 크리드,118307
플립,185755
석조저택 살인사건,127346
싱글라이더,146459
7호실,155715
내 사랑,154437
극장판 짱구는 못말려 : 습격!! 외계인 덩덩이,156477
사랑하기 때문에,140010
희생부활자,140696
옥자,143435
블레이드 러너 2049,88227
빅풋 주니어,165025
존 윅 - 리로드,143932
목소리의 형태,153964
판도라,132933
공범자들,165461
미옥,142317
어느날,184784
딥,176748
극장판 요괴워치: 하늘을 나는 고래와 더블세계다냥!,156200
어쌔신: 더 비기닝,100205
발레리나,175978
50가지 그림자: 심연,144081
문라이트,152684
핵소 고지,142305
채비,162932
"나는 내일, 어제의 너와 만난다",157178
예수는 역사다,158910
극장판 도라에몽: 진구의 남극 꽁꽁 대모험,153279
더 큐어,143372
이프 온리,144191
아토믹 블론드,144215
레고 닌자고 무비,125439
비정규직 특수요원,152161
레고 배트맨 무비,132627
극장판 또봇: 로봇군단의 습격,161847
극장판 에그엔젤 코코밍: 푸르밍과 두근두근 코코밍 세계,167035
로마의 휴일,155680
눈길,134772
시간위의 집,154214
명탐정 코난: 에피소드 원-작아진 명탐정,158849
루돌프와 많이있어,153951
저수지 게임,162824
마이펫 오지,157500
"서서평, 천천히 평온하게",160135
극장판 소드 아트 온라인 -오디널 스케일-,159408
짱구는 못말려 극장판: 폭풍수면! 꿈꾸는 세계 대돌격,149050
파리로 가는 길,154458
킹 오브 프리즘 - 프라이드 더 히어로,164290
여교사,139673
직쏘,152268
베이블레이드 버스트 갓 : 갓 발키리의 탄생,163027
라이언,174652
더 테이블,151117
루시드 드림,130713
딥워터 호라이즌,137346
슈퍼 빼꼼: 스파이 대작전,94183
김광석,151674
다크타워: 희망의 탑,146407
인비저블 게스트,159516
사일런스,179973
노 게임 노 라이프 -제로-,164968
몬스터 콜,125401
다크 나이트,146575
지랄발광 17세,149776
파도가 지나간 자리,125417
꼬마참새 리차드: 아프리카 원정대,160464
너와 100번째 사랑,156417
드래곤 스펠: 마법 꽃의 비밀,165585
오즈: 신기한 마법가루,165029
오두막,125447
패트리어트 데이,149731
파워레인져스: 더 비기닝,143490
바다 탐험대 옥토넛 시즌4: 더 파이널,160964
더 서클,182896
극장판 파워레인저: 애니멀포스 VS 닌자포스 미래에서 온 메시지,158576
포켓몬 더 무비 XY&Z 「볼케니온 : 기계왕국의 비밀」,152265
극장판 쿠로코의 농구 라스트 게임,156185
뷰티풀 투모로우,169561
리틀 프린세스 소피아 : 신비한 섬,165514
더 크리스마스,168478
바다 탐험대 옥토넛 시즌4: 바다 괴물 대소동,158266
나의 붉은고래,152309
밤의 해변에서 혼자,156465
래빗 스쿨,166008
맨체스터 바이 더 씨,137956
위시 어폰,154262
극장판 숲의 요정 페어리루 ~크리스마스의 기적: 마법의 날개~,168508
매혹당한 사람들,154267
튤립 피버,125418
윈드 리버,149757
부산행,130966
검사외전,130903
캡틴 아메리카: 시빌 워,122527
밀정,137952
터널,141104
인천상륙작전,142822
럭키,165795
곡성,121051
덕혜옹주,94767
닥터 스트레인지,125459
주토피아,130850
신비한 동물사전,154255
아가씨,123519
쿵푸팬더3,97692
귀향,167108
데드풀,181030
나우 유 씨 미 2,113344
형,142803
엑스맨: 아포칼립스,119430
미스 페레그린과 이상한 아이들의 집,129383
히말라야,100647
제이슨 본,144968
도리를 찾아서,97629
아수라,183996
정글북,127394
마이펫의 이중생활,134980
배트맨 대 슈퍼맨: 저스티스의 시작,109960
굿바이 싱글,139700
봉이 김선달,134895
레버넌트: 죽음에서 돌아온 자,124212
컨저링 2,114282
내부자들: 디 오리지널,147001
수어사이드 스쿼드,126032
인디펜던스 데이 : 리써전스,74866
탐정 홍길동: 사라진 마을,115504
벤허,125468
굿 다이노,109910
셜록: 유령신부,143245
특별수사: 사형수의 편지,130720
시간이탈자,124025
동주,134899
워크래프트: 전쟁의 서막,75006
스타트렉 비욘드,125414
미씽: 사라진 여자,142625
"당신, 거기 있어줄래요",145292
라이트 아웃,144918
오빠생각,136686
"날, 보러와요",140718
맨 인 더 다크,144944
"고산자, 대동여지도",133129
미 비포 유,137915
매그니피센트 7,136835
갓 오브 이집트,118967
레전드 오브 타잔,120791
좋아해줘,136893
브리짓 존스의 베이비,143456
스플릿,146512
런던 해즈 폴른,127865
국가대표 2,141824
인페르노,129461
앵그리버드 더 무비,167599
그날의 분위기,62285
사냥,173569
널 기다리며,124031
설리: 허드슨강의 기적,143495
잭 리처: 네버 고 백,119412
싱 스트리트,146560
아이스 에이지: 지구 대충돌,127378
몬스터 호텔 2,122596
메카닉: 리크루트,130987
고스트버스터즈,10095
거울나라의 앨리스,118953
가려진 시간,141259
명탐정 코난: 순흑의 악몽,149049
해어화,120165
계춘할망,132998
"로봇, 소리",136821
스타워즈: 깨어난 포스,100072
빅쇼트,136842
헌츠맨: 윈터스 워,94195
나를 잊지 말아요,177977
나의 소녀시대,142691
조선마술사,130786
언더 워터,160437
클로버필드 10번지,134856
위자: 저주의 시작,140647
극장판 요괴워치: 염라대왕과 5개의 이야기다냥!,137884
아기배달부 스토크,144945
캐롤,101962
위대한 소원,136687
스포트라이트,129072
구스범스,172819
포인트 브레이크,122473
앨빈과 슈퍼밴드: 악동 어드벤처,113301
혼숨,145335
극장판 안녕 자두야,182408
비밀은 없다,125802
순정,139674
닌자터틀 : 어둠의 히어로,137908
드림 쏭,133447
독수리 에디,136876
원피스 필름 골드,146214
아이 엠 어 히어로,140693
남과 여,122133
짱구는 못말려 극장판: 나의 이사 이야기 선인장 대습격,137281
"무현, 두 도시 이야기",152183
글로리데이,121061
노트북,70826
대호,127496
부활,133496
매직브러시,148655
조이,180130
대배우,136824
빅,133479
달빛궁궐,152169
어린왕자,114265
미스컨덕트,137709
500일의 썸머,53152
서울역,122195
13시간,140265
자백,146534
장난감이 살아있다,93929
극장판 아이엠스타 : 꿈의 오디션!,134135
플로렌스,185860
로빈슨 크루소,147834
제 5침공,125444
극장판 꼬마버스 타요의 에이스 구출작전,145336
대니쉬 걸,51787
인생은 아름다워,22126
카페 소사이어티,136870
마이 리틀 자이언트,137340
죽여주는 여자,146508
헤이트풀8,124238
감바의 대모험,144355
최강전사 미니특공대: 영웅의 탄생,145376
다이노소어 어드벤처 : 백악기 공룡대백과,148608
피터와 드래곤,134847
킹 오브 프리즘,184912
다이버전트 시리즈: 얼리전트,119453
무서운 이야기 3 : 화성에서 온 소녀,144310
바스티유 데이,137921
걷기왕,145804
일사각오,147047
나의 산티아고,146311
본 투 비 블루,170743
태풍이 지나가고,146548
오베라는 남자,139613
크리미널,127395
슈퍼 프렌즈,131576
룸,174259
포켓몬 더 무비 XY 후파: 광륜의 초마신,137010
유스,163133
다이노X 탐험대,148620
로스트 인 더스트,137971
최악의 하루,142689
오 마이 그랜파,129331
엽기적인 그녀 2,128273
하이큐!! 끝과 시작,140803
라스트 위치 헌터,128392
언더월드: 블러드 워,137887
선생님의 일기,130117
세상에서 고양이가 사라진다면,150632
바다 탐험대 옥토넛 시즌4: 늪지탐험선K,149505
어카운턴트,134859
번개맨,179683
이퀄스,127361
스티브 잡스,130757
아이엠스타 뮤직어워드,145318
올레,140730
리틀메딕: 몸속탐험대,149516
데몰리션,133424
레터스 투 갓,73462
극장판 파워레인저: 닌자포스 VS 트레인포스 닌자 인 원더랜드,146944
트럼보,130983
바다 탐험대 옥토넛 시즌4: 빙하탐험선S,147355
두 남자,154366
극장판 도라에몽: 신 진구의 버스 오브 재팬,141675
바다 탐험대 옥토넛 시즌4: 아슬아슬 구조대작전,149576
죽은 시인의 사회,10048
더 보이,181701
극장판 프랭키와 친구들: 생명의 나무,148656
그물,170051
드레스메이커,114237
비포 선라이즈,169978
빅뱅 메이드,149511
백설공주 : 사라진 아빠를 찾아서,154133
불의 전차,10293
파라노말 액티비티: 더 고스트 디멘션,111954
순종,154347
잡아야 산다,140011
뽀로로 극장판 컴퓨터 왕국 대모험,143253
"나, 다니엘 블레이크",150376
브루클린,103657
포레스트: 죽음의 숲,125436
